{"stats":{"minecraft:custom":{"minecraft:mob_kills":43,"minecraft:interact_with_crafting_table":25,"minecraft:leave_game":3,"minecraft:time_since_death":0,"minecraft:sprint_one_cm":190182,"minecraft:walk_one_cm":255957,"minecraft:damage_blocked_by_shield":3012,"minecraft:drop":24,"minecraft:play_time":99677,"minecraft:deaths":1,"minecraft:sneak_time":5333,"minecraft:walk_under_water_one_cm":3604,"minecraft:jump":2359,"minecraft:interact_with_brewingstand":1,"minecraft:interact_with_blast_furnace":2,"minecraft:walk_on_water_one_cm":17615,"minecraft:total_world_time":99677,"minecraft:interact_with_furnace":75,"minecraft:sleep_in_bed":6,"minecraft:time_since_rest":49,"minecraft:damage_taken":2090,"minecraft:damage_absorbed":40,"minecraft:damage_dealt":6200,"minecraft:fly_one_cm":379314,"minecraft:swim_one_cm":8655,"minecraft:open_chest":23,"minecraft:crouch_one_cm":13840,"minecraft:fall_one_cm":55332},"minecraft:crafted":{"minecraft:oak_planks":112,"minecraft:leather_boots":1,"minecraft:cooked_chicken":2,"minecraft:furnace":2,"minecraft:cooked_mutton":15,"minecraft:diamond_helmet":1,"minecraft:diamond_leggings":1,"minecraft:iron_boots":1,"minecraft:iron_axe":1,"minecraft:stone_pickaxe":1,"minecraft:chest":1,"minecraft:diamond_boots":1,"minecraft:wheat":288,"minecraft:cooked_beef":12,"minecraft:cooked_porkchop":8,"minecraft:crafting_table":1,"minecraft:wooden_pickaxe":1,"minecraft:iron_helmet":1,"minecraft:iron_sword":1,"minecraft:bucket":1,"minecraft:stone_axe":1,"minecraft:bread":96,"minecraft:air":0,"minecraft:iron_chestplate":1,"minecraft:diamond_pickaxe":1,"minecraft:shield":2,"minecraft:stick":16,"minecraft:iron_ingot":84,"minecraft:iron_pickaxe":1,"minecraft:stone_sword":1,"minecraft:iron_leggings":1,"minecraft:diamond_chestplate":1},"minecraft:picked_up":{"minecraft:crafting_table":8,"minecraft:chicken":2,"minecraft:oak_stairs":1,"minecraft:brewing_stand":1,"minecraft:string":3,"minecraft:cobbled_deepslate":23,"minecraft:beef":12,"minecraft:egg":3,"minecraft:furnace":8,"minecraft:raw_iron":159,"minecraft:stick":2,"minecraft:torch":3,"minecraft:porkchop":6,"minecraft:diorite":3,"minecraft:orange_bed":4,"minecraft:arrow":7,"minecraft:rotten_flesh":10,"minecraft:hay_block":32,"minecraft:armadillo_scute":1,"minecraft:yellow_terracotta":1,"minecraft:mutton":15,"minecraft:obsidian":2,"minecraft:cobblestone":103,"minecraft:white_wool":6,"minecraft:tripwire_hook":1,"minecraft:andesite":7,"minecraft:leather":6,"minecraft:brown_wool":2,"minecraft:golden_leggings":2,"minecraft:oak_log":39,"minecraft:gunpowder":1,"minecraft:lapis_lazuli":18,"minecraft:dirt":26,"minecraft:bone":5,"minecraft:bow":1,"minecraft:wheat_seeds":2,"minecraft:raw_gold":29,"minecraft:iron_ingot":8,"minecraft:grindstone":1,"minecraft:oak_planks":41,"minecraft:gravel":4,"minecraft:spider_eye":2,"minecraft:diamond":27,"minecraft:granite":10,"minecraft:bread":1,"minecraft:coal":12},"minecraft:mined":{"minecraft:yellow_terracotta":1,"minecraft:deepslate_diamond_ore":27,"minecraft:cobblestone_stairs":4,"minecraft:brewing_stand":1,"minecraft:obsidian":2,"minecraft:granite":10,"minecraft:grass_block":13,"minecraft:redstone_wire":1,"minecraft:spawner":1,"minecraft:hay_block":32,"minecraft:furnace":8,"minecraft:iron_ore":62,"minecraft:fire":1,"minecraft:andesite":7,"minecraft:deepslate_lapis_ore":1,"minecraft:deepslate_iron_ore":30,"minecraft:oak_stairs":6,"minecraft:stone":72,"minecraft:orange_bed":4,"minecraft:glass_pane":5,"minecraft:crafting_table":8,"minecraft:short_grass":31,"minecraft:tall_grass":1,"minecraft:cobblestone":46,"minecraft:deepslate_gold_ore":23,"minecraft:lapis_ore":2,"minecraft:grindstone":1,"minecraft:oak_planks":25,"minecraft:diorite":3,"minecraft:wall_torch":2,"minecraft:coal_ore":7,"minecraft:oak_log":36,"minecraft:gravel":3,"minecraft:dirt":16,"minecraft:gold_ore":8,"minecraft:oak_leaves":6,"minecraft:deepslate":20},"minecraft:broken":{"minecraft:stone_pickaxe":1},"minecraft:killed_by":{"minecraft:player":1},"minecraft:dropped":{"minecraft:bread":17,"minecraft:wheat_seeds":2,"minecraft:cooked_porkchop":8,"minecraft:cobblestone":1,"minecraft:brown_wool":1,"minecraft:tripwire_hook":1,"minecraft:stone_axe":1,"minecraft:cooked_chicken":2,"minecraft:stone_sword":1,"minecraft:cobbled_deepslate":1,"minecraft:rotten_flesh":8,"minecraft:golden_leggings":1,"minecraft:spider_eye":2,"minecraft:bow":1},"minecraft:killed":{"minecraft:armadillo":1,"minecraft:spider":2,"minecraft:skeleton":9,"minecraft:chicken":2,"minecraft:pig":4,"minecraft:zombie_villager":1,"minecraft:creeper":1,"minecraft:sheep":8,"minecraft:zombie":9,"minecraft:cow":5},"minecraft:used":{"minecraft:stone_sword":84,"minecraft:redstone":3,"minecraft:chest":1,"minecraft:shield":39,"minecraft:iron_sword":19,"minecraft:iron_chestplate":1,"minecraft:orange_bed":3,"minecraft:torch":3,"minecraft:dirt":21,"minecraft:diamond_helmet":1,"minecraft:granite":10,"minecraft:oak_stairs":1,"minecraft:furnace":8,"minecraft:egg":3,"minecraft:cobbled_deepslate":22,"minecraft:iron_leggings":1,"minecraft:water_bucket":14,"minecraft:diorite":3,"minecraft:stone_pickaxe":131,"minecraft:oak_planks":53,"minecraft:wooden_pickaxe":16,"minecraft:white_wool":1,"minecraft:golden_apple":1,"minecraft:yellow_terracotta":1,"minecraft:crafting_table":8,"minecraft:diamond_pickaxe":26,"minecraft:bread":42,"minecraft:string":3,"minecraft:brown_wool":1,"minecraft:iron_pickaxe":176,"minecraft:gravel":2,"minecraft:stone_axe":110,"minecraft:cobblestone":66,"minecraft:bucket":15,"minecraft:andesite":7}},"DataVersion":3953}