{"stats":{"minecraft:custom":{"minecraft:interact_with_furnace":39,"minecraft:mob_kills":39,"minecraft:interact_with_crafting_table":23,"minecraft:leave_game":2,"minecraft:time_since_death":70201,"minecraft:sleep_in_bed":3,"minecraft:time_since_rest":60660,"minecraft:sprint_one_cm":119276,"minecraft:damage_absorbed":40,"minecraft:damage_taken":1138,"minecraft:walk_one_cm":145915,"minecraft:damage_blocked_by_shield":1700,"minecraft:drop":14,"minecraft:damage_dealt":5337,"minecraft:swim_one_cm":8655,"minecraft:fly_one_cm":206601,"minecraft:open_chest":11,"minecraft:play_time":70201,"minecraft:crouch_one_cm":11286,"minecraft:sneak_time":4421,"minecraft:walk_under_water_one_cm":3302,"minecraft:jump":1545,"minecraft:walk_on_water_one_cm":14068,"minecraft:total_world_time":70201,"minecraft:fall_one_cm":33903},"minecraft:crafted":{"minecraft:cooked_beef":12,"minecraft:oak_planks":84,"minecraft:cooked_porkchop":8,"minecraft:leather_boots":1,"minecraft:crafting_table":1,"minecraft:wooden_pickaxe":1,"minecraft:iron_helmet":1,"minecraft:cooked_chicken":2,"minecraft:iron_sword":1,"minecraft:furnace":2,"minecraft:bucket":1,"minecraft:stone_axe":1,"minecraft:bread":96,"minecraft:cooked_mutton":15,"minecraft:air":0,"minecraft:diamond_pickaxe":1,"minecraft:diamond_helmet":1,"minecraft:diamond_leggings":1,"minecraft:iron_boots":1,"minecraft:iron_chestplate":1,"minecraft:shield":1,"minecraft:stick":12,"minecraft:iron_ingot":32,"minecraft:iron_pickaxe":1,"minecraft:stone_pickaxe":1,"minecraft:chest":1,"minecraft:stone_sword":1,"minecraft:diamond_boots":1,"minecraft:iron_leggings":1,"minecraft:diamond_chestplate":1,"minecraft:wheat":288},"minecraft:picked_up":{"minecraft:crafting_table":7,"minecraft:chicken":2,"minecraft:andesite":7,"minecraft:brown_wool":2,"minecraft:leather":6,"minecraft:golden_leggings":1,"minecraft:oak_log":21,"minecraft:brewing_stand":1,"minecraft:gunpowder":1,"minecraft:dirt":11,"minecraft:lapis_lazuli":18,"minecraft:bone":5,"minecraft:bow":1,"minecraft:wheat_seeds":2,"minecraft:cobbled_deepslate":23,"minecraft:raw_gold":29,"minecraft:iron_ingot":3,"minecraft:beef":12,"minecraft:oak_planks":29,"minecraft:furnace":4,"minecraft:egg":3,"minecraft:stick":2,"minecraft:raw_iron":101,"minecraft:gravel":3,"minecraft:porkchop":6,"minecraft:diorite":3,"minecraft:spider_eye":2,"minecraft:orange_bed":2,"minecraft:arrow":7,"minecraft:rotten_flesh":7,"minecraft:diamond":27,"minecraft:hay_block":32,"minecraft:armadillo_scute":1,"minecraft:granite":10,"minecraft:yellow_terracotta":1,"minecraft:bread":1,"minecraft:mutton":15,"minecraft:coal":10,"minecraft:white_wool":6,"minecraft:cobblestone":86},"minecraft:mined":{"minecraft:yellow_terracotta":1,"minecraft:glass_pane":1,"minecraft:deepslate_diamond_ore":27,"minecraft:brewing_stand":1,"minecraft:crafting_table":7,"minecraft:granite":10,"minecraft:short_grass":19,"minecraft:grass_block":4,"minecraft:tall_grass":1,"minecraft:cobblestone":30,"minecraft:lapis_ore":2,"minecraft:deepslate_gold_ore":23,"minecraft:oak_planks":23,"minecraft:diorite":3,"minecraft:spawner":1,"minecraft:hay_block":32,"minecraft:furnace":4,"minecraft:iron_ore":62,"minecraft:fire":1,"minecraft:andesite":7,"minecraft:deepslate_lapis_ore":1,"minecraft:oak_log":21,"minecraft:coal_ore":7,"minecraft:deepslate_iron_ore":30,"minecraft:gravel":3,"minecraft:dirt":7,"minecraft:stone":62,"minecraft:gold_ore":8,"minecraft:oak_leaves":4,"minecraft:deepslate":20,"minecraft:orange_bed":2},"minecraft:dropped":{"minecraft:bread":1,"minecraft:wheat_seeds":2,"minecraft:stone_sword":1,"minecraft:cobbled_deepslate":1,"minecraft:rotten_flesh":5,"minecraft:brown_wool":1,"minecraft:spider_eye":2,"minecraft:bow":1},"minecraft:broken":{"minecraft:stone_pickaxe":1},"minecraft:killed":{"minecraft:armadillo":1,"minecraft:pig":4,"minecraft:zombie_villager":1,"minecraft:spider":2,"minecraft:creeper":1,"minecraft:sheep":8,"minecraft:skeleton":7,"minecraft:zombie":7,"minecraft:chicken":2,"minecraft:cow":5},"minecraft:used":{"minecraft:water_bucket":9,"minecraft:diorite":3,"minecraft:stone_sword":84,"minecraft:stone_pickaxe":131,"minecraft:oak_planks":53,"minecraft:wooden_pickaxe":16,"minecraft:shield":25,"minecraft:iron_chestplate":1,"minecraft:orange_bed":1,"minecraft:golden_apple":1,"minecraft:dirt":7,"minecraft:yellow_terracotta":1,"minecraft:crafting_table":7,"minecraft:diamond_helmet":1,"minecraft:granite":10,"minecraft:bread":24,"minecraft:brown_wool":1,"minecraft:iron_pickaxe":160,"minecraft:gravel":2,"minecraft:stone_axe":78,"minecraft:cobblestone":62,"minecraft:furnace":4,"minecraft:andesite":7,"minecraft:bucket":10,"minecraft:egg":3,"minecraft:cobbled_deepslate":22,"minecraft:iron_leggings":1}},"DataVersion":3953}