{"stats":{"minecraft:dropped":{"minecraft:bread":1,"minecraft:wheat_seeds":2,"minecraft:cobbled_deepslate":1,"minecraft:rotten_flesh":5,"minecraft:brown_wool":1,"minecraft:spider_eye":2,"minecraft:bow":1},"minecraft:custom":{"minecraft:interact_with_furnace":39,"minecraft:mob_kills":37,"minecraft:interact_with_crafting_table":18,"minecraft:leave_game":1,"minecraft:time_since_death":61172,"minecraft:sleep_in_bed":3,"minecraft:time_since_rest":51631,"minecraft:sprint_one_cm":100719,"minecraft:damage_absorbed":40,"minecraft:damage_taken":943,"minecraft:walk_one_cm":133988,"minecraft:damage_blocked_by_shield":1347,"minecraft:drop":13,"minecraft:damage_dealt":4998,"minecraft:swim_one_cm":3086,"minecraft:fly_one_cm":153059,"minecraft:open_chest":5,"minecraft:crouch_one_cm":11286,"minecraft:play_time":61172,"minecraft:sneak_time":4413,"minecraft:walk_under_water_one_cm":2823,"minecraft:jump":1302,"minecraft:walk_on_water_one_cm":10505,"minecraft:total_world_time":61172,"minecraft:fall_one_cm":29065},"minecraft:crafted":{"minecraft:cooked_beef":12,"minecraft:oak_planks":64,"minecraft:cooked_porkchop":8,"minecraft:leather_boots":1,"minecraft:crafting_table":1,"minecraft:iron_helmet":1,"minecraft:wooden_pickaxe":1,"minecraft:cooked_chicken":2,"minecraft:furnace":2,"minecraft:bucket":1,"minecraft:stone_axe":1,"minecraft:bread":96,"minecraft:cooked_mutton":15,"minecraft:air":0,"minecraft:iron_boots":1,"minecraft:iron_chestplate":1,"minecraft:shield":1,"minecraft:stick":8,"minecraft:iron_ingot":32,"minecraft:iron_pickaxe":1,"minecraft:stone_pickaxe":1,"minecraft:stone_sword":1,"minecraft:iron_leggings":1,"minecraft:wheat":288},"minecraft:used":{"minecraft:water_bucket":9,"minecraft:diorite":3,"minecraft:stone_sword":76,"minecraft:stone_pickaxe":131,"minecraft:oak_planks":53,"minecraft:shield":21,"minecraft:wooden_pickaxe":16,"minecraft:iron_chestplate":1,"minecraft:orange_bed":1,"minecraft:golden_apple":1,"minecraft:dirt":7,"minecraft:yellow_terracotta":1,"minecraft:crafting_table":6,"minecraft:granite":2,"minecraft:bread":19,"minecraft:brown_wool":1,"minecraft:iron_pickaxe":121,"minecraft:gravel":2,"minecraft:stone_axe":71,"minecraft:cobblestone":30,"minecraft:furnace":4,"minecraft:andesite":7,"minecraft:bucket":10,"minecraft:egg":3,"minecraft:cobbled_deepslate":22,"minecraft:iron_leggings":1},"minecraft:killed":{"minecraft:armadillo":1,"minecraft:pig":4,"minecraft:zombie_villager":1,"minecraft:spider":2,"minecraft:creeper":1,"minecraft:skeleton":5,"minecraft:sheep":8,"minecraft:zombie":7,"minecraft:chicken":2,"minecraft:cow":5},"minecraft:picked_up":{"minecraft:crafting_table":6,"minecraft:chicken":2,"minecraft:golden_leggings":1,"minecraft:andesite":7,"minecraft:brown_wool":2,"minecraft:leather":6,"minecraft:oak_log":16,"minecraft:brewing_stand":1,"minecraft:gunpowder":1,"minecraft:lapis_lazuli":18,"minecraft:dirt":7,"minecraft:bone":4,"minecraft:bow":1,"minecraft:wheat_seeds":2,"minecraft:cobbled_deepslate":23,"minecraft:raw_gold":29,"minecraft:iron_ingot":3,"minecraft:beef":12,"minecraft:oak_planks":29,"minecraft:egg":3,"minecraft:furnace":4,"minecraft:stick":2,"minecraft:raw_iron":101,"minecraft:gravel":3,"minecraft:porkchop":6,"minecraft:diorite":3,"minecraft:spider_eye":2,"minecraft:orange_bed":2,"minecraft:arrow":5,"minecraft:rotten_flesh":7,"minecraft:diamond":27,"minecraft:hay_block":32,"minecraft:granite":2,"minecraft:armadillo_scute":1,"minecraft:yellow_terracotta":1,"minecraft:bread":1,"minecraft:cobblestone":58,"minecraft:mutton":15,"minecraft:coal":10,"minecraft:white_wool":6},"minecraft:broken":{"minecraft:stone_pickaxe":1},"minecraft:mined":{"minecraft:yellow_terracotta":1,"minecraft:glass_pane":1,"minecraft:deepslate_diamond_ore":27,"minecraft:brewing_stand":1,"minecraft:crafting_table":6,"minecraft:granite":2,"minecraft:short_grass":17,"minecraft:grass_block":4,"minecraft:tall_grass":1,"minecraft:cobblestone":3,"minecraft:deepslate_gold_ore":23,"minecraft:lapis_ore":2,"minecraft:oak_planks":23,"minecraft:diorite":3,"minecraft:spawner":1,"minecraft:hay_block":32,"minecraft:furnace":4,"minecraft:fire":1,"minecraft:iron_ore":62,"minecraft:andesite":7,"minecraft:deepslate_lapis_ore":1,"minecraft:coal_ore":7,"minecraft:oak_log":16,"minecraft:deepslate_iron_ore":30,"minecraft:gravel":3,"minecraft:dirt":3,"minecraft:stone":62,"minecraft:deepslate":20,"minecraft:gold_ore":8,"minecraft:oak_leaves":4,"minecraft:orange_bed":2}},"DataVersion":3953}