{"stats":{"minecraft:custom":{"minecraft:interact_with_furnace":34,"minecraft:mob_kills":41,"minecraft:interact_with_crafting_table":21,"minecraft:leave_game":1,"minecraft:time_since_death":28324,"minecraft:sleep_in_bed":1,"minecraft:time_since_rest":28348,"minecraft:sprint_one_cm":76086,"minecraft:damage_taken":1669,"minecraft:walk_one_cm":65928,"minecraft:damage_blocked_by_shield":1065,"minecraft:drop":11,"minecraft:damage_dealt":4465,"minecraft:swim_one_cm":29967,"minecraft:fly_one_cm":120618,"minecraft:open_chest":4,"minecraft:crouch_one_cm":4099,"minecraft:play_time":54158,"minecraft:deaths":4,"minecraft:sneak_time":2036,"minecraft:walk_under_water_one_cm":5871,"minecraft:boat_one_cm":193153,"minecraft:jump":909,"minecraft:walk_on_water_one_cm":11674,"minecraft:total_world_time":54158,"minecraft:fall_one_cm":28044},"minecraft:crafted":{"minecraft:cooked_beef":16,"minecraft:oak_planks":232,"minecraft:crafting_table":3,"minecraft:wooden_pickaxe":3,"minecraft:cooked_chicken":4,"minecraft:furnace":3,"minecraft:cooked_salmon":2,"minecraft:bucket":1,"minecraft:stone_axe":2,"minecraft:cooked_mutton":24,"minecraft:air":0,"minecraft:oak_boat":2,"minecraft:shield":1,"minecraft:stick":24,"minecraft:iron_ingot":8,"minecraft:iron_pickaxe":1,"minecraft:stone_pickaxe":2,"minecraft:gold_ingot":3,"minecraft:white_bed":1,"minecraft:golden_sword":1},"minecraft:mined":{"minecraft:white_bed":2,"minecraft:crafting_table":10,"minecraft:granite":1,"minecraft:short_grass":6,"minecraft:grass_block":3,"minecraft:tall_grass":1,"minecraft:cobblestone":1,"minecraft:deepslate_gold_ore":3,"minecraft:furnace":6,"minecraft:iron_ore":1,"minecraft:andesite":1,"minecraft:mossy_stone_brick_stairs":1,"minecraft:coal_ore":12,"minecraft:oak_log":59,"minecraft:deepslate_iron_ore":7,"minecraft:gravel":1,"minecraft:dirt":8,"minecraft:stone":63,"minecraft:oak_leaves":6,"minecraft:deepslate":2},"minecraft:picked_up":{"minecraft:crafting_table":12,"minecraft:feather":10,"minecraft:cooked_beef":2,"minecraft:chicken":8,"minecraft:glow_ink_sac":1,"minecraft:andesite":1,"minecraft:brown_wool":1,"minecraft:leather":12,"minecraft:wooden_pickaxe":2,"minecraft:oak_log":99,"minecraft:dirt":14,"minecraft:cooked_mutton":8,"minecraft:cobbled_deepslate":2,"minecraft:raw_gold":3,"minecraft:beef":21,"minecraft:stone_pickaxe":1,"minecraft:cooked_chicken":4,"minecraft:oak_boat":1,"minecraft:light_gray_wool":2,"minecraft:mossy_stone_brick_stairs":1,"minecraft:oak_planks":17,"minecraft:egg":4,"minecraft:furnace":6,"minecraft:raw_iron":11,"minecraft:cooked_porkchop":3,"minecraft:gravel":1,"minecraft:porkchop":3,"minecraft:spruce_sapling":1,"minecraft:white_bed":2,"minecraft:rotten_flesh":10,"minecraft:diamond":2,"minecraft:stone_axe":2,"minecraft:granite":1,"minecraft:coal":24,"minecraft:mutton":24,"minecraft:white_wool":15,"minecraft:cobblestone":62},"minecraft:broken":{"minecraft:golden_axe":1},"minecraft:killed_by":{"minecraft:zombie_villager":1,"minecraft:zombie":3},"minecraft:dropped":{"minecraft:moss_block":2,"minecraft:bowl":1,"minecraft:chicken":2,"minecraft:light_gray_wool":2,"minecraft:mossy_stone_brick_stairs":1,"minecraft:brown_wool":1,"minecraft:cooked_salmon":2},"minecraft:killed":{"minecraft:pig":1,"minecraft:zombie_villager":1,"minecraft:spider":1,"minecraft:sheep":16,"minecraft:zombie":5,"minecraft:chicken":5,"minecraft:cow":12},"minecraft:used":{"minecraft:cooked_mutton":2,"minecraft:stone_pickaxe":42,"minecraft:oak_planks":37,"minecraft:shield":36,"minecraft:wooden_pickaxe":60,"minecraft:cooked_chicken":3,"minecraft:rotten_flesh":3,"minecraft:dirt":9,"minecraft:crafting_table":11,"minecraft:white_bed":2,"minecraft:suspicious_stew":1,"minecraft:iron_pickaxe":13,"minecraft:spruce_sapling":1,"minecraft:stone_axe":93,"minecraft:golden_sword":12,"minecraft:cobblestone":8,"minecraft:furnace":6,"minecraft:andesite":1,"minecraft:oak_boat":2,"minecraft:egg":4,"minecraft:cooked_beef":2,"minecraft:golden_axe":21,"minecraft:golden_pickaxe":3}},"DataVersion":3955}