{"stats":{"minecraft:crafted":{"minecraft:oak_planks":288,"minecraft:raw_iron":9,"minecraft:tripwire_hook":2,"minecraft:furnace":1,"minecraft:lever":1,"minecraft:cooked_mutton":2,"minecraft:oak_trapdoor":2,"minecraft:hopper":12,"minecraft:diamond_leggings":1,"minecraft:stone_pickaxe":1,"minecraft:chest":28,"minecraft:raw_iron_block":1,"minecraft:wheat":99,"minecraft:cooked_beef":2,"minecraft:cooked_porkchop":5,"minecraft:diamond_axe":1,"minecraft:crafting_table":2,"minecraft:wooden_pickaxe":1,"minecraft:iron_sword":1,"minecraft:bucket":1,"minecraft:stone_axe":1,"minecraft:bread":33,"minecraft:air":0,"minecraft:white_wool":107,"minecraft:diamond_pickaxe":1,"minecraft:shield":1,"minecraft:stick":12,"minecraft:iron_ingot":71,"minecraft:stone_sword":1,"minecraft:gold_ingot":6,"minecraft:shears":1,"minecraft:diamond_chestplate":1},"minecraft:custom":{"minecraft:interact_with_smithing_table":3,"minecraft:mob_kills":66,"minecraft:interact_with_crafting_table":23,"minecraft:leave_game":2,"minecraft:time_since_death":87288,"minecraft:climb_one_cm":1338,"minecraft:sprint_one_cm":371107,"minecraft:walk_one_cm":281333,"minecraft:damage_blocked_by_shield":2590,"minecraft:drop":18,"minecraft:talked_to_villager":5,"minecraft:play_time":133739,"minecraft:deaths":1,"minecraft:sneak_time":4555,"minecraft:walk_under_water_one_cm":17446,"minecraft:jump":3911,"minecraft:interact_with_brewingstand":2,"minecraft:interact_with_blast_furnace":9,"minecraft:walk_on_water_one_cm":34137,"minecraft:total_world_time":133739,"minecraft:interact_with_furnace":64,"minecraft:interact_with_cartography_table":1,"minecraft:interact_with_grindstone":2,"minecraft:sleep_in_bed":5,"minecraft:time_since_rest":10896,"minecraft:damage_taken":2642,"minecraft:damage_dealt":11868,"minecraft:swim_one_cm":32595,"minecraft:fly_one_cm":787766,"minecraft:player_kills":1,"minecraft:open_chest":149,"minecraft:crouch_one_cm":13001,"minecraft:fall_one_cm":115951},"minecraft:mined":{"minecraft:yellow_terracotta":2,"minecraft:white_bed":4,"minecraft:mossy_cobblestone":2,"minecraft:deepslate_diamond_ore":24,"minecraft:oak_door":2,"minecraft:brewing_stand":2,"minecraft:lever":1,"minecraft:dark_oak_fence":2,"minecraft:grass_block":10,"minecraft:redstone_wire":2,"minecraft:cartography_table":1,"minecraft:hay_block":11,"minecraft:raw_iron_block":1,"minecraft:oak_trapdoor":4,"minecraft:furnace":4,"minecraft:iron_ore":73,"minecraft:pumpkin":3,"minecraft:deepslate_lapis_ore":2,"minecraft:water_cauldron":1,"minecraft:deepslate_iron_ore":17,"minecraft:oak_stairs":64,"minecraft:stone":61,"minecraft:tripwire":3,"minecraft:smithing_table":2,"minecraft:deepslate_redstone_ore":15,"minecraft:orange_terracotta":2,"minecraft:crafting_table":3,"minecraft:light_gray_terracotta":2,"minecraft:short_grass":15,"minecraft:blast_furnace":2,"minecraft:chest":3,"minecraft:dead_bush":18,"minecraft:cobblestone":43,"minecraft:tall_grass":2,"minecraft:copper_ore":2,"minecraft:deepslate_gold_ore":16,"minecraft:sugar_cane":8,"minecraft:oak_planks":28,"minecraft:diorite":1,"minecraft:white_terracotta":1,"minecraft:red_terracotta":1,"minecraft:coarse_dirt":1,"minecraft:birch_leaves":1,"minecraft:yellow_bed":1,"minecraft:oak_log":71,"minecraft:coal_ore":27,"minecraft:gravel":5,"minecraft:dirt":17,"minecraft:cobweb":2,"minecraft:terracotta":4,"minecraft:tripwire_hook":2,"minecraft:gold_ore":2,"minecraft:oak_leaves":6,"minecraft:deepslate":4},"minecraft:picked_up":{"minecraft:coarse_dirt":1,"minecraft:iron_chestplate":2,"minecraft:crafting_table":4,"minecraft:smithing_table":2,"minecraft:oak_stairs":69,"minecraft:brewing_stand":3,"minecraft:shield":3,"minecraft:oak_trapdoor":4,"minecraft:string":461,"minecraft:iron_axe":1,"minecraft:raw_copper":8,"minecraft:diamond_leggings":1,"minecraft:cartography_table":1,"minecraft:cobbled_deepslate":4,"minecraft:beef":2,"minecraft:iron_pickaxe":2,"minecraft:sugar_cane":19,"minecraft:chest":3,"minecraft:egg":6,"minecraft:iron_boots":3,"minecraft:furnace":6,"minecraft:stick":19,"minecraft:raw_iron":107,"minecraft:oak_door":2,"minecraft:torch":2,"minecraft:porkchop":5,"minecraft:diorite":1,"minecraft:carrot":1,"minecraft:redstone":72,"minecraft:cauldron":1,"minecraft:orange_bed":1,"minecraft:diamond_chestplate":1,"minecraft:stone_sword":1,"minecraft:arrow":35,"minecraft:rotten_flesh":41,"minecraft:diamond_boots":1,"minecraft:shears":1,"minecraft:hay_block":11,"minecraft:armadillo_scute":3,"minecraft:yellow_terracotta":2,"minecraft:white_terracotta":1,"minecraft:obsidian":2,"minecraft:mutton":2,"minecraft:cobblestone":149,"minecraft:white_wool":68,"minecraft:cooked_beef":12,"minecraft:tripwire_hook":2,"minecraft:glow_ink_sac":5,"minecraft:water_bucket":2,"minecraft:andesite":2,"minecraft:leather":3,"minecraft:flint":1,"minecraft:oak_log":81,"minecraft:yellow_bed":1,"minecraft:gunpowder":17,"minecraft:cobblestone_stairs":4,"minecraft:lapis_lazuli":32,"minecraft:dirt":59,"minecraft:orange_terracotta":2,"minecraft:cooked_mutton":15,"minecraft:bone":34,"minecraft:wheat_seeds":2,"minecraft:iron_ingot":38,"minecraft:raw_gold":47,"minecraft:grindstone":1,"minecraft:diamond_helmet":1,"minecraft:iron_sword":2,"minecraft:oak_planks":74,"minecraft:pumpkin":3,"minecraft:raw_iron_block":1,"minecraft:gravel":3,"minecraft:blast_furnace":2,"minecraft:ink_sac":5,"minecraft:white_bed":4,"minecraft:red_terracotta":1,"minecraft:mossy_cobblestone":2,"minecraft:light_gray_terracotta":2,"minecraft:diamond":24,"minecraft:stone_axe":1,"minecraft:lever":2,"minecraft:iron_helmet":1,"minecraft:golden_apple":2,"minecraft:bread":61,"minecraft:terracotta":4,"minecraft:dark_oak_fence":1,"minecraft:coal":28,"minecraft:diamond_pickaxe":1},"minecraft:broken":{"minecraft:stone_sword":1},"minecraft:killed_by":{"minecraft:creeper":1},"minecraft:dropped":{"minecraft:bread":6,"minecraft:iron_sword":1,"minecraft:wheat_seeds":1,"minecraft:coal":2,"minecraft:dirt":19,"minecraft:string":12,"minecraft:raw_iron":57,"minecraft:rotten_flesh":15,"minecraft:iron_boots":1},"minecraft:killed":{"minecraft:armadillo":1,"minecraft:spider":2,"minecraft:skeleton":16,"minecraft:pig":2,"minecraft:zombie_villager":1,"minecraft:creeper":1,"minecraft:squid":3,"minecraft:sheep":1,"minecraft:zombie":27,"minecraft:glow_squid":1,"minecraft:cow":2},"minecraft:used":{"minecraft:oak_trapdoor":6,"minecraft:stone_sword":130,"minecraft:chest":19,"minecraft:shield":42,"minecraft:white_terracotta":1,"minecraft:iron_sword":27,"minecraft:rotten_flesh":19,"minecraft:brewing_stand":2,"minecraft:dirt":3,"minecraft:raw_iron_block":1,"minecraft:tripwire_hook":4,"minecraft:furnace":5,"minecraft:egg":6,"minecraft:cooked_beef":2,"minecraft:cobbled_deepslate":4,"minecraft:orange_terracotta":2,"minecraft:cooked_mutton":2,"minecraft:water_bucket":93,"minecraft:stone_pickaxe":5,"minecraft:oak_planks":41,"minecraft:wooden_pickaxe":3,"minecraft:diamond_axe":151,"minecraft:white_wool":62,"minecraft:terracotta":4,"minecraft:yellow_terracotta":2,"minecraft:crafting_table":5,"minecraft:blast_furnace":2,"minecraft:light_gray_terracotta":2,"minecraft:white_bed":4,"minecraft:shears":3,"minecraft:lever":3,"minecraft:diamond_pickaxe":108,"minecraft:apple":1,"minecraft:bread":39,"minecraft:string":7,"minecraft:iron_pickaxe":199,"minecraft:red_terracotta":1,"minecraft:stone_axe":92,"minecraft:cobblestone":4,"minecraft:cooked_porkchop":5,"minecraft:smithing_table":1,"minecraft:bucket":94,"minecraft:andesite":2,"minecraft:yellow_bed":1}},"DataVersion":3953}