{"stats":{"minecraft:crafted":{"minecraft:oak_planks":264,"minecraft:raw_iron":9,"minecraft:tripwire_hook":2,"minecraft:furnace":1,"minecraft:lever":1,"minecraft:oak_trapdoor":2,"minecraft:diamond_leggings":1,"minecraft:stone_pickaxe":1,"minecraft:chest":26,"minecraft:raw_iron_block":1,"minecraft:wheat":99,"minecraft:cooked_beef":1,"minecraft:cooked_porkchop":5,"minecraft:diamond_axe":1,"minecraft:crafting_table":2,"minecraft:wooden_pickaxe":1,"minecraft:iron_sword":1,"minecraft:bucket":1,"minecraft:stone_axe":1,"minecraft:bread":33,"minecraft:air":0,"minecraft:white_wool":107,"minecraft:diamond_pickaxe":1,"minecraft:shield":1,"minecraft:stick":12,"minecraft:iron_ingot":55,"minecraft:stone_sword":1,"minecraft:shears":1,"minecraft:diamond_chestplate":1},"minecraft:custom":{"minecraft:interact_with_smithing_table":3,"minecraft:mob_kills":60,"minecraft:interact_with_crafting_table":18,"minecraft:leave_game":1,"minecraft:time_since_death":70909,"minecraft:climb_one_cm":1338,"minecraft:sprint_one_cm":326193,"minecraft:walk_one_cm":253231,"minecraft:damage_blocked_by_shield":2230,"minecraft:drop":17,"minecraft:talked_to_villager":5,"minecraft:play_time":117360,"minecraft:deaths":1,"minecraft:sneak_time":3708,"minecraft:walk_under_water_one_cm":13980,"minecraft:jump":3525,"minecraft:interact_with_brewingstand":2,"minecraft:interact_with_blast_furnace":6,"minecraft:walk_on_water_one_cm":29579,"minecraft:total_world_time":117360,"minecraft:interact_with_furnace":41,"minecraft:interact_with_cartography_table":1,"minecraft:interact_with_grindstone":2,"minecraft:sleep_in_bed":2,"minecraft:time_since_rest":71223,"minecraft:damage_taken":2341,"minecraft:damage_dealt":10778,"minecraft:swim_one_cm":32595,"minecraft:fly_one_cm":722242,"minecraft:player_kills":1,"minecraft:open_chest":79,"minecraft:crouch_one_cm":10148,"minecraft:fall_one_cm":104370},"minecraft:mined":{"minecraft:yellow_terracotta":2,"minecraft:white_bed":4,"minecraft:mossy_cobblestone":2,"minecraft:deepslate_diamond_ore":23,"minecraft:oak_door":2,"minecraft:brewing_stand":2,"minecraft:lever":1,"minecraft:dark_oak_fence":2,"minecraft:grass_block":10,"minecraft:redstone_wire":2,"minecraft:cartography_table":1,"minecraft:hay_block":11,"minecraft:raw_iron_block":1,"minecraft:oak_trapdoor":4,"minecraft:furnace":4,"minecraft:iron_ore":54,"minecraft:pumpkin":3,"minecraft:deepslate_lapis_ore":2,"minecraft:water_cauldron":1,"minecraft:deepslate_iron_ore":17,"minecraft:oak_stairs":64,"minecraft:stone":57,"minecraft:tripwire":3,"minecraft:smithing_table":2,"minecraft:deepslate_redstone_ore":9,"minecraft:orange_terracotta":2,"minecraft:crafting_table":3,"minecraft:light_gray_terracotta":2,"minecraft:short_grass":15,"minecraft:blast_furnace":2,"minecraft:chest":3,"minecraft:dead_bush":18,"minecraft:cobblestone":43,"minecraft:tall_grass":2,"minecraft:copper_ore":2,"minecraft:deepslate_gold_ore":5,"minecraft:sugar_cane":8,"minecraft:oak_planks":28,"minecraft:diorite":1,"minecraft:white_terracotta":1,"minecraft:red_terracotta":1,"minecraft:coarse_dirt":1,"minecraft:birch_leaves":1,"minecraft:yellow_bed":1,"minecraft:oak_log":65,"minecraft:coal_ore":19,"minecraft:dirt":17,"minecraft:cobweb":2,"minecraft:terracotta":4,"minecraft:tripwire_hook":2,"minecraft:gold_ore":1,"minecraft:oak_leaves":5,"minecraft:deepslate":1},"minecraft:picked_up":{"minecraft:coarse_dirt":1,"minecraft:iron_chestplate":1,"minecraft:crafting_table":3,"minecraft:smithing_table":2,"minecraft:oak_stairs":69,"minecraft:brewing_stand":2,"minecraft:shield":1,"minecraft:oak_trapdoor":4,"minecraft:string":461,"minecraft:raw_copper":8,"minecraft:cartography_table":1,"minecraft:cobbled_deepslate":1,"minecraft:beef":2,"minecraft:iron_pickaxe":1,"minecraft:sugar_cane":19,"minecraft:chest":3,"minecraft:egg":4,"minecraft:iron_boots":2,"minecraft:furnace":4,"minecraft:stick":17,"minecraft:raw_iron":88,"minecraft:oak_door":2,"minecraft:torch":2,"minecraft:porkchop":5,"minecraft:diorite":1,"minecraft:carrot":1,"minecraft:redstone":43,"minecraft:cauldron":1,"minecraft:stone_sword":1,"minecraft:arrow":25,"minecraft:rotten_flesh":39,"minecraft:shears":1,"minecraft:hay_block":11,"minecraft:armadillo_scute":2,"minecraft:yellow_terracotta":2,"minecraft:white_terracotta":1,"minecraft:mutton":2,"minecraft:cobblestone":133,"minecraft:white_wool":63,"minecraft:tripwire_hook":2,"minecraft:glow_ink_sac":5,"minecraft:water_bucket":1,"minecraft:andesite":2,"minecraft:leather":1,"minecraft:oak_log":66,"minecraft:yellow_bed":1,"minecraft:cobblestone_stairs":4,"minecraft:lapis_lazuli":14,"minecraft:dirt":40,"minecraft:orange_terracotta":2,"minecraft:bone":27,"minecraft:wheat_seeds":2,"minecraft:raw_gold":6,"minecraft:iron_sword":1,"minecraft:oak_planks":70,"minecraft:pumpkin":3,"minecraft:raw_iron_block":1,"minecraft:blast_furnace":2,"minecraft:ink_sac":5,"minecraft:white_bed":4,"minecraft:red_terracotta":1,"minecraft:mossy_cobblestone":2,"minecraft:light_gray_terracotta":2,"minecraft:diamond":23,"minecraft:stone_axe":1,"minecraft:lever":2,"minecraft:iron_helmet":1,"minecraft:bread":22,"minecraft:terracotta":4,"minecraft:dark_oak_fence":1,"minecraft:coal":20},"minecraft:broken":{"minecraft:stone_sword":1},"minecraft:killed_by":{"minecraft:creeper":1},"minecraft:dropped":{"minecraft:bread":6,"minecraft:iron_sword":1,"minecraft:wheat_seeds":1,"minecraft:coal":2,"minecraft:dirt":19,"minecraft:string":12,"minecraft:raw_iron":57,"minecraft:rotten_flesh":13,"minecraft:iron_boots":1},"minecraft:killed":{"minecraft:armadillo":1,"minecraft:spider":2,"minecraft:skeleton":14,"minecraft:pig":2,"minecraft:zombie_villager":1,"minecraft:creeper":1,"minecraft:squid":3,"minecraft:sheep":1,"minecraft:zombie":23,"minecraft:glow_squid":1,"minecraft:cow":2},"minecraft:used":{"minecraft:oak_trapdoor":6,"minecraft:stone_sword":130,"minecraft:chest":17,"minecraft:shield":35,"minecraft:white_terracotta":1,"minecraft:iron_sword":10,"minecraft:rotten_flesh":19,"minecraft:brewing_stand":1,"minecraft:dirt":3,"minecraft:raw_iron_block":1,"minecraft:tripwire_hook":4,"minecraft:furnace":5,"minecraft:egg":4,"minecraft:cooked_beef":1,"minecraft:cobbled_deepslate":1,"minecraft:orange_terracotta":2,"minecraft:water_bucket":74,"minecraft:stone_pickaxe":5,"minecraft:oak_planks":41,"minecraft:wooden_pickaxe":3,"minecraft:diamond_axe":144,"minecraft:white_wool":62,"minecraft:terracotta":4,"minecraft:yellow_terracotta":2,"minecraft:crafting_table":5,"minecraft:blast_furnace":1,"minecraft:light_gray_terracotta":2,"minecraft:white_bed":4,"minecraft:shears":3,"minecraft:lever":3,"minecraft:diamond_pickaxe":55,"minecraft:apple":1,"minecraft:bread":39,"minecraft:string":7,"minecraft:iron_pickaxe":199,"minecraft:red_terracotta":1,"minecraft:stone_axe":92,"minecraft:cooked_porkchop":5,"minecraft:smithing_table":1,"minecraft:bucket":75,"minecraft:andesite":2,"minecraft:yellow_bed":1}},"DataVersion":3953}