{"stats":{"minecraft:crafted":{"minecraft:oak_planks":152,"minecraft:tripwire_hook":2,"minecraft:lever":1,"minecraft:oak_trapdoor":2,"minecraft:stone_pickaxe":1,"minecraft:wheat":99,"minecraft:cooked_beef":1,"minecraft:cooked_porkchop":5,"minecraft:crafting_table":2,"minecraft:wooden_pickaxe":1,"minecraft:bucket":1,"minecraft:stone_axe":1,"minecraft:bread":33,"minecraft:air":0,"minecraft:white_wool":61,"minecraft:shield":1,"minecraft:stick":12,"minecraft:iron_ingot":5,"minecraft:stone_sword":1,"minecraft:shears":1},"minecraft:custom":{"minecraft:interact_with_smithing_table":1,"minecraft:mob_kills":43,"minecraft:interact_with_crafting_table":11,"minecraft:leave_game":1,"minecraft:time_since_death":28909,"minecraft:climb_one_cm":1338,"minecraft:sprint_one_cm":229028,"minecraft:walk_one_cm":142817,"minecraft:damage_blocked_by_shield":1520,"minecraft:drop":13,"minecraft:talked_to_villager":5,"minecraft:play_time":75360,"minecraft:deaths":1,"minecraft:sneak_time":2378,"minecraft:walk_under_water_one_cm":9479,"minecraft:jump":2364,"minecraft:interact_with_brewingstand":2,"minecraft:walk_on_water_one_cm":20258,"minecraft:total_world_time":75360,"minecraft:interact_with_furnace":17,"minecraft:interact_with_grindstone":2,"minecraft:sleep_in_bed":2,"minecraft:time_since_rest":29223,"minecraft:damage_taken":1775,"minecraft:damage_dealt":7384,"minecraft:swim_one_cm":20397,"minecraft:fly_one_cm":487498,"minecraft:open_chest":23,"minecraft:crouch_one_cm":5763,"minecraft:fall_one_cm":68565},"minecraft:mined":{"minecraft:yellow_terracotta":2,"minecraft:white_bed":2,"minecraft:deepslate_diamond_ore":23,"minecraft:brewing_stand":1,"minecraft:grass_block":7,"minecraft:hay_block":11,"minecraft:oak_trapdoor":1,"minecraft:furnace":2,"minecraft:iron_ore":54,"minecraft:pumpkin":3,"minecraft:deepslate_lapis_ore":2,"minecraft:water_cauldron":1,"minecraft:deepslate_iron_ore":17,"minecraft:oak_stairs":1,"minecraft:stone":54,"minecraft:smithing_table":1,"minecraft:deepslate_redstone_ore":9,"minecraft:orange_terracotta":2,"minecraft:crafting_table":2,"minecraft:light_gray_terracotta":2,"minecraft:short_grass":2,"minecraft:chest":1,"minecraft:dead_bush":17,"minecraft:cobblestone":1,"minecraft:tall_grass":1,"minecraft:copper_ore":2,"minecraft:deepslate_gold_ore":5,"minecraft:sugar_cane":3,"minecraft:oak_planks":3,"minecraft:diorite":1,"minecraft:white_terracotta":1,"minecraft:red_terracotta":1,"minecraft:coarse_dirt":1,"minecraft:birch_leaves":1,"minecraft:yellow_bed":1,"minecraft:oak_log":38,"minecraft:coal_ore":19,"minecraft:dirt":7,"minecraft:cobweb":2,"minecraft:terracotta":4,"minecraft:gold_ore":1,"minecraft:oak_leaves":5,"minecraft:deepslate":1},"minecraft:picked_up":{"minecraft:coarse_dirt":1,"minecraft:iron_chestplate":1,"minecraft:crafting_table":2,"minecraft:smithing_table":1,"minecraft:oak_stairs":1,"minecraft:brewing_stand":1,"minecraft:shield":1,"minecraft:oak_trapdoor":1,"minecraft:string":259,"minecraft:raw_copper":8,"minecraft:cobbled_deepslate":1,"minecraft:beef":1,"minecraft:iron_pickaxe":1,"minecraft:sugar_cane":7,"minecraft:chest":1,"minecraft:egg":4,"minecraft:iron_boots":1,"minecraft:furnace":2,"minecraft:stick":15,"minecraft:raw_iron":88,"minecraft:porkchop":5,"minecraft:diorite":1,"minecraft:carrot":1,"minecraft:redstone":40,"minecraft:cauldron":1,"minecraft:stone_sword":1,"minecraft:arrow":21,"minecraft:rotten_flesh":31,"minecraft:shears":1,"minecraft:hay_block":11,"minecraft:armadillo_scute":2,"minecraft:yellow_terracotta":2,"minecraft:white_terracotta":1,"minecraft:mutton":2,"minecraft:cobblestone":79,"minecraft:white_wool":63,"minecraft:glow_ink_sac":5,"minecraft:water_bucket":1,"minecraft:andesite":2,"minecraft:leather":1,"minecraft:oak_log":38,"minecraft:yellow_bed":1,"minecraft:lapis_lazuli":14,"minecraft:dirt":21,"minecraft:orange_terracotta":2,"minecraft:bone":19,"minecraft:wheat_seeds":1,"minecraft:raw_gold":6,"minecraft:oak_planks":44,"minecraft:pumpkin":3,"minecraft:ink_sac":5,"minecraft:white_bed":2,"minecraft:red_terracotta":1,"minecraft:light_gray_terracotta":2,"minecraft:diamond":23,"minecraft:stone_axe":1,"minecraft:iron_helmet":1,"minecraft:bread":22,"minecraft:terracotta":4,"minecraft:coal":20},"minecraft:broken":{"minecraft:stone_sword":1},"minecraft:killed_by":{"minecraft:creeper":1},"minecraft:dropped":{"minecraft:bread":6,"minecraft:wheat_seeds":1,"minecraft:string":12,"minecraft:rotten_flesh":13,"minecraft:iron_boots":1},"minecraft:killed":{"minecraft:armadillo":1,"minecraft:spider":1,"minecraft:skeleton":9,"minecraft:pig":2,"minecraft:zombie_villager":1,"minecraft:creeper":1,"minecraft:squid":3,"minecraft:sheep":1,"minecraft:zombie":19,"minecraft:glow_squid":1,"minecraft:cow":1},"minecraft:used":{"minecraft:oak_trapdoor":3,"minecraft:stone_sword":130,"minecraft:chest":1,"minecraft:shield":23,"minecraft:white_terracotta":1,"minecraft:rotten_flesh":13,"minecraft:brewing_stand":1,"minecraft:dirt":3,"minecraft:tripwire_hook":2,"minecraft:furnace":2,"minecraft:egg":4,"minecraft:cobbled_deepslate":1,"minecraft:orange_terracotta":2,"minecraft:water_bucket":48,"minecraft:stone_pickaxe":5,"minecraft:oak_planks":20,"minecraft:wooden_pickaxe":3,"minecraft:white_wool":62,"minecraft:terracotta":4,"minecraft:yellow_terracotta":2,"minecraft:crafting_table":4,"minecraft:light_gray_terracotta":2,"minecraft:white_bed":2,"minecraft:shears":1,"minecraft:lever":1,"minecraft:bread":34,"minecraft:string":3,"minecraft:iron_pickaxe":198,"minecraft:red_terracotta":1,"minecraft:stone_axe":58,"minecraft:smithing_table":1,"minecraft:bucket":49,"minecraft:andesite":2}},"DataVersion":3953}