{"stats":{"minecraft:used":{"minecraft:oak_fence":1,"minecraft:stone_sword":27,"minecraft:chest":1,"minecraft:shield":4,"minecraft:iron_sword":36,"minecraft:cooked_salmon":3,"minecraft:cooked_chicken":1,"minecraft:rotten_flesh":7,"minecraft:dirt":8,"minecraft:tuff":7,"minecraft:granite":2,"minecraft:axolotl_bucket":2,"minecraft:iron_axe":56,"minecraft:furnace":6,"minecraft:oak_sapling":1,"minecraft:cooked_cod":3,"minecraft:egg":1,"minecraft:cobbled_deepslate":1,"minecraft:cooked_mutton":9,"minecraft:water_bucket":24,"minecraft:stone_pickaxe":39,"minecraft:wooden_pickaxe":11,"minecraft:crafting_table":6,"minecraft:red_bed":2,"minecraft:blast_furnace":1,"minecraft:iron_pickaxe":42,"minecraft:stone_axe":3,"minecraft:cobblestone":2,"minecraft:smithing_table":1,"minecraft:bucket":28,"minecraft:andesite":1,"minecraft:yellow_bed":1},"minecraft:picked_up":{"minecraft:crafting_table":7,"minecraft:chicken":1,"minecraft:smithing_table":1,"minecraft:wooden_pickaxe":2,"minecraft:potion":2,"minecraft:golden_sword":1,"minecraft:shield":1,"minecraft:red_bed":2,"minecraft:string":17,"minecraft:iron_axe":1,"minecraft:cooked_salmon":3,"minecraft:cobbled_deepslate":4,"minecraft:bucket":2,"minecraft:beef":1,"minecraft:rose_bush":8,"minecraft:iron_nugget":30,"minecraft:poppy":1,"minecraft:iron_pickaxe":2,"minecraft:light_gray_wool":1,"minecraft:sugar_cane":6,"minecraft:chest":2,"minecraft:egg":1,"minecraft:furnace":5,"minecraft:stick":1,"minecraft:raw_iron":23,"minecraft:oak_fence":1,"minecraft:redstone":4,"minecraft:prismarine_crystals":3,"minecraft:tnt":3,"minecraft:rotten_flesh":24,"minecraft:cooked_cod":4,"minecraft:golden_hoe":2,"minecraft:gold_ingot":4,"minecraft:mutton":6,"minecraft:white_wool":2,"minecraft:cobblestone":34,"minecraft:birch_log":3,"minecraft:feather":5,"minecraft:clock":1,"minecraft:glow_ink_sac":1,"minecraft:andesite":1,"minecraft:leather":1,"minecraft:birch_planks":6,"minecraft:flint":4,"minecraft:tuff":8,"minecraft:oak_log":35,"minecraft:yellow_bed":1,"minecraft:gunpowder":1,"minecraft:dirt":10,"minecraft:cooked_mutton":3,"minecraft:bone":1,"minecraft:kelp":44,"minecraft:bow":1,"minecraft:wheat_seeds":1,"minecraft:bell":2,"minecraft:heart_of_the_sea":1,"minecraft:iron_ingot":2,"minecraft:cooked_chicken":1,"minecraft:oak_planks":89,"minecraft:pumpkin":14,"minecraft:gravel":1,"minecraft:blast_furnace":1,"minecraft:white_bed":1,"minecraft:diamond":7,"minecraft:stone_axe":1,"minecraft:granite":6,"minecraft:gray_wool":2,"minecraft:emerald":1,"minecraft:oak_sapling":2,"minecraft:coal":25},"minecraft:dropped":{"minecraft:dirt":1,"minecraft:gravel":1,"minecraft:tuff":1,"minecraft:rotten_flesh":8,"minecraft:gunpowder":1,"minecraft:bow":1,"minecraft:wooden_pickaxe":1},"minecraft:killed":{"minecraft:spider":2,"minecraft:skeleton":3,"minecraft:creeper":1,"minecraft:sheep":4,"minecraft:zombie":13,"minecraft:cow":1},"minecraft:custom":{"minecraft:interact_with_smithing_table":1,"minecraft:mob_kills":24,"minecraft:interact_with_crafting_table":17,"minecraft:leave_game":3,"minecraft:time_since_death":32582,"minecraft:sprint_one_cm":198915,"minecraft:walk_one_cm":103559,"minecraft:damage_blocked_by_shield":225,"minecraft:drop":8,"minecraft:talked_to_villager":1,"minecraft:play_time":84605,"minecraft:deaths":4,"minecraft:sneak_time":1839,"minecraft:walk_under_water_one_cm":10785,"minecraft:jump":1754,"minecraft:walk_on_water_one_cm":20173,"minecraft:total_world_time":84605,"minecraft:interact_with_furnace":24,"minecraft:sleep_in_bed":3,"minecraft:time_since_rest":8919,"minecraft:damage_taken":2148,"minecraft:damage_dealt":4100,"minecraft:swim_one_cm":103338,"minecraft:fly_one_cm":312078,"minecraft:open_chest":19,"minecraft:crouch_one_cm":5182,"minecraft:fall_one_cm":48330},"minecraft:mined":{"minecraft:tuff":8,"minecraft:deepslate_diamond_ore":3,"minecraft:grass_block":2,"minecraft:furnace":4,"minecraft:iron_ore":2,"minecraft:pumpkin":14,"minecraft:bell":2,"minecraft:deepslate_iron_ore":19,"minecraft:stone":34,"minecraft:smithing_table":1,"minecraft:deepslate_redstone_ore":1,"minecraft:red_bed":2,"minecraft:oak_fence":1,"minecraft:crafting_table":5,"minecraft:short_grass":1,"minecraft:blast_furnace":1,"minecraft:poppy":1,"minecraft:chest":1,"minecraft:rose_bush":10,"minecraft:sugar_cane":3,"minecraft:birch_log":3,"minecraft:yellow_bed":1,"minecraft:oak_log":35,"minecraft:coal_ore":14,"minecraft:gravel":1,"minecraft:dirt":7,"minecraft:oak_leaves":2,"minecraft:deepslate":2},"minecraft:killed_by":{"minecraft:creeper":1,"minecraft:drowned":1,"minecraft:skeleton":2},"minecraft:crafted":{"minecraft:oak_planks":140,"minecraft:furnace":3,"minecraft:cooked_mutton":6,"minecraft:iron_axe":2,"minecraft:stone_pickaxe":1,"minecraft:cooked_beef":1,"minecraft:red_dye":8,"minecraft:crafting_table":2,"minecraft:wooden_pickaxe":1,"minecraft:iron_sword":1,"minecraft:red_bed":1,"minecraft:red_wool":3,"minecraft:bucket":2,"minecraft:birch_planks":12,"minecraft:stone_axe":1,"minecraft:air":0,"minecraft:shield":1,"minecraft:stick":16,"minecraft:iron_ingot":11,"minecraft:iron_pickaxe":2,"minecraft:stone_sword":1}},"DataVersion":3955}