{"stats":{"minecraft:custom":{"minecraft:interact_with_furnace":81,"minecraft:mob_kills":49,"minecraft:interact_with_crafting_table":36,"minecraft:leave_game":2,"minecraft:time_since_death":71893,"minecraft:sleep_in_bed":1,"minecraft:time_since_rest":136,"minecraft:sprint_one_cm":205895,"minecraft:damage_taken":1909,"minecraft:walk_one_cm":125126,"minecraft:damage_blocked_by_shield":2903,"minecraft:drop":11,"minecraft:damage_dealt":6214,"minecraft:swim_one_cm":23625,"minecraft:fly_one_cm":297180,"minecraft:open_chest":2,"minecraft:crouch_one_cm":19156,"minecraft:play_time":71893,"minecraft:sneak_time":7195,"minecraft:walk_under_water_one_cm":17653,"minecraft:jump":1880,"minecraft:walk_on_water_one_cm":13444,"minecraft:total_world_time":71893,"minecraft:fall_one_cm":57336},"minecraft:crafted":{"minecraft:cooked_beef":3,"minecraft:oak_planks":116,"minecraft:tripwire_hook":2,"minecraft:cooked_porkchop":14,"minecraft:crafting_table":2,"minecraft:spruce_planks":32,"minecraft:cooked_chicken":4,"minecraft:iron_helmet":1,"minecraft:wooden_pickaxe":1,"minecraft:furnace":2,"minecraft:cooked_salmon":3,"minecraft:lever":1,"minecraft:bucket":1,"minecraft:stone_axe":1,"minecraft:air":0,"minecraft:oak_trapdoor":2,"minecraft:iron_boots":1,"minecraft:iron_chestplate":1,"minecraft:shield":1,"minecraft:iron_axe":1,"minecraft:stick":12,"minecraft:iron_ingot":40,"minecraft:iron_pickaxe":1,"minecraft:stone_pickaxe":1,"minecraft:iron_leggings":1,"minecraft:shears":1},"minecraft:mined":{"minecraft:deepslate_redstone_ore":1,"minecraft:deepslate_diamond_ore":22,"minecraft:lever":2,"minecraft:granite":1,"minecraft:oak_fence":2,"minecraft:crafting_table":3,"minecraft:short_grass":20,"minecraft:grass_block":4,"minecraft:cobblestone":2,"minecraft:spruce_leaves":16,"minecraft:oak_planks":38,"minecraft:spawner":1,"minecraft:hay_block":4,"minecraft:redstone_ore":3,"minecraft:furnace":4,"minecraft:birch_log":11,"minecraft:iron_ore":55,"minecraft:cobbled_deepslate":7,"minecraft:spruce_log":8,"minecraft:birch_leaves":3,"minecraft:coal_ore":22,"minecraft:oak_log":44,"minecraft:deepslate_iron_ore":52,"minecraft:dirt":12,"minecraft:stone":59,"minecraft:tripwire":1,"minecraft:oak_leaves":19,"minecraft:deepslate":70},"minecraft:picked_up":{"minecraft:birch_log":11,"minecraft:crafting_table":3,"minecraft:feather":1,"minecraft:cooked_beef":2,"minecraft:chicken":4,"minecraft:salmon":5,"minecraft:leather":13,"minecraft:oak_log":44,"minecraft:gunpowder":1,"minecraft:dirt":16,"minecraft:string":262,"minecraft:iron_axe":1,"minecraft:cooked_salmon":2,"minecraft:bone":6,"minecraft:wheat_seeds":3,"minecraft:cobbled_deepslate":75,"minecraft:spruce_planks":11,"minecraft:beef":20,"minecraft:stone_pickaxe":1,"minecraft:glass_bottle":2,"minecraft:oak_planks":36,"minecraft:furnace":4,"minecraft:egg":3,"minecraft:stick":2,"minecraft:raw_iron":106,"minecraft:oak_fence":3,"minecraft:gravel":1,"minecraft:porkchop":14,"minecraft:spruce_sapling":1,"minecraft:spruce_log":8,"minecraft:redstone":27,"minecraft:spider_eye":1,"minecraft:arrow":7,"minecraft:rotten_flesh":9,"minecraft:diamond":20,"minecraft:lever":3,"minecraft:hay_block":4,"minecraft:granite":1,"minecraft:oak_sapling":2,"minecraft:mutton":3,"minecraft:coal":40,"minecraft:white_wool":2,"minecraft:cobblestone":63},"minecraft:broken":{"minecraft:iron_pickaxe":1},"minecraft:dropped":{"minecraft:wheat_seeds":3,"minecraft:cobbled_deepslate":3,"minecraft:rotten_flesh":8,"minecraft:oak_fence":1,"minecraft:dirt":1,"minecraft:iron_axe":1,"minecraft:stone_pickaxe":1,"minecraft:wooden_pickaxe":1},"minecraft:killed":{"minecraft:pig":7,"minecraft:witch":1,"minecraft:salmon":5,"minecraft:spider":4,"minecraft:sheep":2,"minecraft:skeleton":7,"minecraft:zombie":9,"minecraft:chicken":4,"minecraft:cow":10},"minecraft:used":{"minecraft:oak_trapdoor":2,"minecraft:oak_fence":1,"minecraft:water_bucket":18,"minecraft:stone_pickaxe":58,"minecraft:oak_planks":69,"minecraft:wooden_pickaxe":6,"minecraft:shield":30,"minecraft:cooked_salmon":5,"minecraft:cooked_chicken":4,"minecraft:rotten_flesh":1,"minecraft:dirt":15,"minecraft:crafting_table":5,"minecraft:granite":1,"minecraft:shears":3,"minecraft:lever":4,"minecraft:lava_bucket":1,"minecraft:apple":6,"minecraft:string":4,"minecraft:iron_axe":128,"minecraft:iron_pickaxe":247,"minecraft:spruce_sapling":1,"minecraft:gravel":1,"minecraft:stone_axe":58,"minecraft:tripwire_hook":2,"minecraft:cobblestone":48,"minecraft:furnace":6,"minecraft:oak_sapling":1,"minecraft:cooked_porkchop":11,"minecraft:bucket":19,"minecraft:egg":3,"minecraft:cooked_beef":5,"minecraft:cobbled_deepslate":12,"minecraft:iron_leggings":1}},"DataVersion":3955}