{"stats":{"minecraft:custom":{"minecraft:mob_kills":97,"minecraft:interact_with_crafting_table":42,"minecraft:leave_game":5,"minecraft:time_since_death":6744,"minecraft:sprint_one_cm":372579,"minecraft:walk_one_cm":218992,"minecraft:damage_blocked_by_shield":3410,"minecraft:drop":15,"minecraft:talked_to_villager":7,"minecraft:play_time":128060,"minecraft:deaths":3,"minecraft:sneak_time":6120,"minecraft:walk_under_water_one_cm":115356,"minecraft:jump":2897,"minecraft:walk_on_water_one_cm":33641,"minecraft:total_world_time":128060,"minecraft:interact_with_furnace":198,"minecraft:interact_with_grindstone":1,"minecraft:sleep_in_bed":3,"minecraft:time_since_rest":11148,"minecraft:damage_taken":6337,"minecraft:damage_dealt":14080,"minecraft:swim_one_cm":25869,"minecraft:fly_one_cm":920640,"minecraft:open_chest":121,"minecraft:crouch_one_cm":17013,"minecraft:fall_one_cm":113126},"minecraft:crafted":{"minecraft:oak_planks":260,"minecraft:cooked_chicken":8,"minecraft:furnace":6,"minecraft:cooked_mutton":27,"minecraft:iron_axe":1,"minecraft:stone_pickaxe":1,"minecraft:chest":10,"minecraft:cooked_beef":27,"minecraft:cooked_porkchop":19,"minecraft:crafting_table":1,"minecraft:wooden_pickaxe":1,"minecraft:iron_helmet":1,"minecraft:bucket":2,"minecraft:stone_axe":3,"minecraft:air":0,"minecraft:iron_chestplate":1,"minecraft:shield":2,"minecraft:stick":40,"minecraft:iron_ingot":132,"minecraft:iron_pickaxe":3,"minecraft:wooden_axe":1,"minecraft:iron_leggings":1,"minecraft:acacia_planks":4,"minecraft:torch":32},"minecraft:broken":{"minecraft:shield":1,"minecraft:stone_axe":1,"minecraft:iron_pickaxe":2,"minecraft:wooden_axe":1},"minecraft:killed":{"minecraft:spider":4,"minecraft:skeleton":12,"minecraft:chicken":8,"minecraft:pig":9,"minecraft:zombie_villager":2,"minecraft:iron_golem":1,"minecraft:creeper":4,"minecraft:sheep":21,"minecraft:zombie":21,"minecraft:enderman":1,"minecraft:cow":12},"minecraft:mined":{"minecraft:deepslate_diamond_ore":6,"minecraft:granite":5,"minecraft:acacia_log":1,"minecraft:grass_block":6,"minecraft:redstone_ore":20,"minecraft:furnace":10,"minecraft:iron_ore":125,"minecraft:andesite":2,"minecraft:deepslate_lapis_ore":10,"minecraft:pointed_dripstone":2,"minecraft:deepslate_iron_ore":31,"minecraft:rail":2,"minecraft:oak_stairs":1,"minecraft:stone":207,"minecraft:deepslate_redstone_ore":24,"minecraft:crafting_table":5,"minecraft:short_grass":115,"minecraft:chest":13,"minecraft:tall_grass":16,"minecraft:cobblestone":5,"minecraft:lapis_ore":4,"minecraft:deepslate_gold_ore":9,"minecraft:sugar_cane":4,"minecraft:oak_planks":21,"minecraft:diorite":1,"minecraft:wall_torch":11,"minecraft:birch_leaves":4,"minecraft:yellow_bed":3,"minecraft:oak_log":66,"minecraft:coal_ore":91,"minecraft:dripstone_block":1,"minecraft:dirt":3,"minecraft:gold_ore":2,"minecraft:oak_leaves":10,"minecraft:deepslate":16},"minecraft:dropped":{"minecraft:wheat_seeds":12,"minecraft:dirt":2,"minecraft:dandelion":1,"minecraft:rotten_flesh":5,"minecraft:poppy":1,"minecraft:oak_sapling":4,"minecraft:spider_eye":1},"minecraft:used":{"minecraft:stone_sword":39,"minecraft:chest":23,"minecraft:shield":60,"minecraft:cooked_chicken":1,"minecraft:torch":26,"minecraft:wooden_axe":47,"minecraft:iron_axe":96,"minecraft:furnace":16,"minecraft:cooked_beef":11,"minecraft:cooked_mutton":17,"minecraft:water_bucket":3,"minecraft:diorite":1,"minecraft:stone_pickaxe":17,"minecraft:oak_planks":52,"minecraft:wooden_pickaxe":4,"minecraft:crafting_table":6,"minecraft:bread":8,"minecraft:iron_pickaxe":566,"minecraft:stone_axe":176,"minecraft:cobblestone":106,"minecraft:cooked_porkchop":10,"minecraft:andesite":1,"minecraft:bucket":5,"minecraft:yellow_bed":3},"minecraft:killed_by":{"minecraft:iron_golem":1,"minecraft:zombie":1},"minecraft:picked_up":{"minecraft:wooden_axe":2,"minecraft:crafting_table":6,"minecraft:chicken":17,"minecraft:chest_minecart":1,"minecraft:wooden_pickaxe":2,"minecraft:oak_stairs":2,"minecraft:string":46,"minecraft:activator_rail":2,"minecraft:cobbled_deepslate":16,"minecraft:beef":43,"minecraft:poppy":1,"minecraft:light_gray_wool":4,"minecraft:sugar_cane":10,"minecraft:chest":13,"minecraft:egg":13,"minecraft:iron_boots":2,"minecraft:furnace":11,"minecraft:stick":2,"minecraft:raw_iron":155,"minecraft:torch":11,"minecraft:acacia_log":3,"minecraft:porkchop":25,"minecraft:pointed_dripstone":4,"minecraft:diorite":1,"minecraft:redstone":198,"minecraft:stone_sword":1,"minecraft:arrow":11,"minecraft:rotten_flesh":30,"minecraft:mutton":54,"minecraft:rail":4,"minecraft:white_wool":36,"minecraft:cobblestone":272,"minecraft:feather":9,"minecraft:glow_ink_sac":10,"minecraft:andesite":3,"minecraft:leather":14,"minecraft:oak_log":90,"minecraft:yellow_bed":3,"minecraft:gunpowder":1,"minecraft:lapis_lazuli":88,"minecraft:dirt":30,"minecraft:bone":5,"minecraft:bow":1,"minecraft:wheat_seeds":12,"minecraft:raw_gold":11,"minecraft:stone_pickaxe":2,"minecraft:iron_ingot":4,"minecraft:oak_planks":318,"minecraft:dripstone_block":2,"minecraft:grass_block":1,"minecraft:spider_eye":1,"minecraft:diamond":6,"minecraft:stone_axe":1,"minecraft:granite":5,"minecraft:gray_wool":6,"minecraft:bread":6,"minecraft:coal":90,"minecraft:oak_sapling":3,"minecraft:melon_seeds":1,"minecraft:black_wool":3}},"DataVersion":3953}