{"stats":{"minecraft:custom":{"minecraft:mob_kills":119,"minecraft:interact_with_crafting_table":51,"minecraft:leave_game":7,"minecraft:time_since_death":1928,"minecraft:sprint_one_cm":471462,"minecraft:walk_one_cm":288168,"minecraft:damage_blocked_by_shield":5716,"minecraft:drop":24,"minecraft:talked_to_villager":7,"minecraft:play_time":160300,"minecraft:deaths":6,"minecraft:sneak_time":8507,"minecraft:walk_under_water_one_cm":118258,"minecraft:jump":3731,"minecraft:walk_on_water_one_cm":39355,"minecraft:total_world_time":160300,"minecraft:interact_with_furnace":220,"minecraft:interact_with_grindstone":1,"minecraft:sleep_in_bed":4,"minecraft:time_since_rest":2498,"minecraft:damage_taken":7860,"minecraft:damage_dealt":17937,"minecraft:swim_one_cm":26175,"minecraft:fly_one_cm":1147037,"minecraft:open_chest":171,"minecraft:crouch_one_cm":23698,"minecraft:fall_one_cm":132196},"minecraft:crafted":{"minecraft:oak_planks":260,"minecraft:cooked_chicken":9,"minecraft:furnace":6,"minecraft:cooked_mutton":29,"minecraft:iron_boots":1,"minecraft:iron_axe":3,"minecraft:stone_pickaxe":1,"minecraft:chest":10,"minecraft:cooked_beef":27,"minecraft:cooked_porkchop":19,"minecraft:crafting_table":1,"minecraft:wooden_pickaxe":1,"minecraft:iron_helmet":2,"minecraft:bucket":2,"minecraft:stone_axe":3,"minecraft:air":0,"minecraft:iron_chestplate":2,"minecraft:shield":3,"minecraft:stick":48,"minecraft:iron_ingot":132,"minecraft:iron_pickaxe":5,"minecraft:wooden_axe":1,"minecraft:iron_leggings":2,"minecraft:acacia_planks":4,"minecraft:torch":32},"minecraft:mined":{"minecraft:deepslate_diamond_ore":6,"minecraft:granite":5,"minecraft:acacia_log":1,"minecraft:grass_block":6,"minecraft:redstone_ore":22,"minecraft:furnace":10,"minecraft:iron_ore":177,"minecraft:andesite":2,"minecraft:deepslate_lapis_ore":10,"minecraft:pointed_dripstone":2,"minecraft:deepslate_iron_ore":40,"minecraft:rail":2,"minecraft:oak_stairs":1,"minecraft:stone":251,"minecraft:deepslate_redstone_ore":28,"minecraft:crafting_table":5,"minecraft:short_grass":132,"minecraft:chest":13,"minecraft:tall_grass":30,"minecraft:copper_ore":3,"minecraft:cobblestone":5,"minecraft:deepslate_coal_ore":1,"minecraft:lapis_ore":5,"minecraft:deepslate_gold_ore":9,"minecraft:sugar_cane":7,"minecraft:oak_planks":26,"minecraft:diorite":1,"minecraft:wall_torch":11,"minecraft:birch_leaves":4,"minecraft:yellow_bed":3,"minecraft:oak_log":66,"minecraft:coal_ore":110,"minecraft:dripstone_block":1,"minecraft:dirt":3,"minecraft:gold_ore":2,"minecraft:oak_leaves":10,"minecraft:deepslate":24},"minecraft:picked_up":{"minecraft:wooden_axe":2,"minecraft:iron_chestplate":1,"minecraft:crafting_table":6,"minecraft:chicken":18,"minecraft:chest_minecart":1,"minecraft:wooden_pickaxe":2,"minecraft:oak_stairs":2,"minecraft:shield":1,"minecraft:string":46,"minecraft:raw_copper":15,"minecraft:iron_axe":2,"minecraft:iron_leggings":1,"minecraft:activator_rail":2,"minecraft:cobbled_deepslate":28,"minecraft:beef":43,"minecraft:poppy":1,"minecraft:iron_pickaxe":2,"minecraft:light_gray_wool":4,"minecraft:sugar_cane":19,"minecraft:chest":13,"minecraft:egg":13,"minecraft:iron_boots":3,"minecraft:furnace":11,"minecraft:stick":9,"minecraft:raw_iron":230,"minecraft:torch":11,"minecraft:acacia_log":3,"minecraft:porkchop":25,"minecraft:pointed_dripstone":4,"minecraft:diorite":1,"minecraft:redstone":250,"minecraft:stone_sword":1,"minecraft:arrow":25,"minecraft:rotten_flesh":37,"minecraft:mutton":56,"minecraft:rail":5,"minecraft:white_wool":38,"minecraft:cobblestone":333,"minecraft:feather":9,"minecraft:glow_ink_sac":30,"minecraft:andesite":3,"minecraft:leather":14,"minecraft:oak_log":92,"minecraft:yellow_bed":3,"minecraft:gunpowder":3,"minecraft:lapis_lazuli":96,"minecraft:dirt":30,"minecraft:bone":21,"minecraft:bow":1,"minecraft:wheat_seeds":19,"minecraft:raw_gold":11,"minecraft:stone_pickaxe":2,"minecraft:iron_ingot":4,"minecraft:oak_planks":350,"minecraft:dripstone_block":6,"minecraft:grass_block":1,"minecraft:spider_eye":3,"minecraft:diamond":6,"minecraft:stone_axe":1,"minecraft:iron_helmet":1,"minecraft:granite":5,"minecraft:gray_wool":6,"minecraft:bread":6,"minecraft:coal":130,"minecraft:oak_sapling":3,"minecraft:melon_seeds":1,"minecraft:black_wool":3},"minecraft:broken":{"minecraft:shield":1,"minecraft:stone_axe":1,"minecraft:iron_pickaxe":2,"minecraft:wooden_axe":1},"minecraft:killed_by":{"minecraft:iron_golem":1,"minecraft:skeleton":1,"minecraft:zombie":1},"minecraft:dropped":{"minecraft:wheat_seeds":16,"minecraft:dirt":2,"minecraft:dandelion":1,"minecraft:rotten_flesh":10,"minecraft:poppy":1,"minecraft:oak_sapling":4,"minecraft:spider_eye":1},"minecraft:killed":{"minecraft:cave_spider":1,"minecraft:spider":5,"minecraft:skeleton":20,"minecraft:chicken":9,"minecraft:pig":9,"minecraft:zombie_villager":3,"minecraft:iron_golem":1,"minecraft:creeper":5,"minecraft:sheep":22,"minecraft:zombie":29,"minecraft:enderman":1,"minecraft:cow":12},"minecraft:used":{"minecraft:stone_sword":39,"minecraft:chest":23,"minecraft:shield":90,"minecraft:rotten_flesh":1,"minecraft:cooked_chicken":2,"minecraft:torch":26,"minecraft:wooden_axe":47,"minecraft:iron_axe":165,"minecraft:furnace":16,"minecraft:cooked_beef":11,"minecraft:cooked_mutton":28,"minecraft:water_bucket":3,"minecraft:diorite":1,"minecraft:stone_pickaxe":17,"minecraft:oak_planks":64,"minecraft:wooden_pickaxe":4,"minecraft:white_wool":1,"minecraft:crafting_table":6,"minecraft:bread":8,"minecraft:iron_pickaxe":710,"minecraft:stone_axe":176,"minecraft:cobblestone":124,"minecraft:cooked_porkchop":10,"minecraft:andesite":1,"minecraft:bucket":5,"minecraft:yellow_bed":3}},"DataVersion":3953}