{"stats":{"minecraft:custom":{"minecraft:interact_with_furnace":3,"minecraft:mob_kills":49,"minecraft:interact_with_crafting_table":8,"minecraft:leave_game":1,"minecraft:time_since_death":17810,"minecraft:sleep_in_bed":1,"minecraft:time_since_rest":16257,"minecraft:sprint_one_cm":132003,"minecraft:damage_taken":837,"minecraft:walk_one_cm":87997,"minecraft:drop":7,"minecraft:damage_dealt":3925,"minecraft:swim_one_cm":5771,"minecraft:fly_one_cm":309954,"minecraft:open_chest":1,"minecraft:crouch_one_cm":418,"minecraft:play_time":34866,"minecraft:deaths":1,"minecraft:sneak_time":203,"minecraft:walk_under_water_one_cm":907,"minecraft:jump":1265,"minecraft:walk_on_water_one_cm":778,"minecraft:total_world_time":34866,"minecraft:fall_one_cm":43498},"minecraft:crafted":{"minecraft:wooden_sword":1,"minecraft:oak_planks":76,"minecraft:crafting_table":1,"minecraft:wooden_pickaxe":1,"minecraft:iron_sword":1,"minecraft:stone_axe":1,"minecraft:shield":1,"minecraft:stick":12,"minecraft:iron_pickaxe":1,"minecraft:stone_pickaxe":1,"minecraft:wooden_axe":1,"minecraft:stone_sword":1},"minecraft:mined":{"minecraft:acacia_leaves":1,"minecraft:crafting_table":5,"minecraft:short_grass":30,"minecraft:grass_block":2,"minecraft:tall_grass":11,"minecraft:andesite":16,"minecraft:yellow_bed":1,"minecraft:oak_log":23,"minecraft:dirt":2,"minecraft:stone":31,"minecraft:oak_leaves":3},"minecraft:picked_up":{"minecraft:crafting_table":5,"minecraft:feather":50,"minecraft:chicken":33,"minecraft:andesite":32,"minecraft:wooden_pickaxe":1,"minecraft:oak_log":23,"minecraft:yellow_bed":1,"minecraft:dirt":23,"minecraft:wooden_sword":1,"minecraft:cooked_mutton":2,"minecraft:wheat_seeds":1,"minecraft:beef":6,"minecraft:stone_pickaxe":1,"minecraft:cooked_chicken":2,"minecraft:oak_planks":7,"minecraft:egg":4,"minecraft:stick":2,"minecraft:cooked_porkchop":8,"minecraft:porkchop":69,"minecraft:stone_sword":1,"minecraft:arrow":2,"minecraft:rotten_flesh":3,"minecraft:stone_axe":1,"minecraft:gray_wool":1,"minecraft:bread":16,"minecraft:oak_sapling":2,"minecraft:black_wool":2,"minecraft:mutton":12,"minecraft:white_wool":11,"minecraft:cobblestone":54},"minecraft:killed_by":{"minecraft:creeper":1},"minecraft:dropped":{"minecraft:oak_log":4,"minecraft:stone_sword":1,"minecraft:mutton":2},"minecraft:killed":{"minecraft:pig":20,"minecraft:sheep":6,"minecraft:zombie":2,"minecraft:chicken":21},"minecraft:used":{"minecraft:cooked_mutton":1,"minecraft:stone_sword":43,"minecraft:stone_pickaxe":38,"minecraft:wooden_pickaxe":13,"minecraft:iron_sword":7,"minecraft:cooked_chicken":2,"minecraft:mutton":6,"minecraft:crafting_table":4,"minecraft:wooden_axe":1,"minecraft:chicken":3,"minecraft:iron_helmet":1,"minecraft:stone_axe":40,"minecraft:wooden_sword":65,"minecraft:porkchop":5,"minecraft:cooked_porkchop":2}},"DataVersion":3953}