{"stats":{"minecraft:custom":{"minecraft:interact_with_furnace":3,"minecraft:mob_kills":69,"minecraft:interact_with_crafting_table":8,"minecraft:leave_game":2,"minecraft:time_since_death":35417,"minecraft:sleep_in_bed":2,"minecraft:time_since_rest":124,"minecraft:sprint_one_cm":181076,"minecraft:damage_taken":1272,"minecraft:walk_one_cm":130438,"minecraft:drop":10,"minecraft:damage_dealt":5517,"minecraft:swim_one_cm":33320,"minecraft:fly_one_cm":431141,"minecraft:open_chest":1,"minecraft:crouch_one_cm":853,"minecraft:play_time":52473,"minecraft:deaths":1,"minecraft:sneak_time":630,"minecraft:walk_under_water_one_cm":9243,"minecraft:jump":1857,"minecraft:walk_on_water_one_cm":2336,"minecraft:total_world_time":52473,"minecraft:fall_one_cm":63793},"minecraft:crafted":{"minecraft:wooden_sword":1,"minecraft:oak_planks":76,"minecraft:crafting_table":1,"minecraft:wooden_pickaxe":1,"minecraft:iron_sword":1,"minecraft:stone_axe":1,"minecraft:shield":1,"minecraft:stick":12,"minecraft:iron_pickaxe":1,"minecraft:stone_pickaxe":1,"minecraft:wooden_axe":1,"minecraft:stone_sword":1},"minecraft:mined":{"minecraft:acacia_leaves":1,"minecraft:crafting_table":5,"minecraft:short_grass":34,"minecraft:grass_block":2,"minecraft:tall_grass":14,"minecraft:iron_ore":1,"minecraft:andesite":17,"minecraft:yellow_bed":2,"minecraft:oak_log":51,"minecraft:dirt":2,"minecraft:stone":31,"minecraft:oak_leaves":7},"minecraft:picked_up":{"minecraft:crafting_table":5,"minecraft:feather":57,"minecraft:chicken":42,"minecraft:tripwire_hook":2,"minecraft:andesite":33,"minecraft:leather":1,"minecraft:wooden_pickaxe":1,"minecraft:oak_log":51,"minecraft:yellow_bed":2,"minecraft:string":2,"minecraft:dirt":25,"minecraft:wooden_sword":1,"minecraft:cooked_mutton":2,"minecraft:wheat_seeds":2,"minecraft:beef":9,"minecraft:stone_pickaxe":1,"minecraft:cooked_chicken":2,"minecraft:iron_sword":1,"minecraft:oak_planks":7,"minecraft:egg":8,"minecraft:stick":2,"minecraft:raw_iron":1,"minecraft:cooked_porkchop":8,"minecraft:porkchop":69,"minecraft:stone_sword":1,"minecraft:arrow":2,"minecraft:rotten_flesh":3,"minecraft:stone_axe":1,"minecraft:gray_wool":2,"minecraft:bread":16,"minecraft:oak_sapling":2,"minecraft:black_wool":2,"minecraft:mutton":24,"minecraft:white_wool":18,"minecraft:cobblestone":55},"minecraft:killed_by":{"minecraft:creeper":1},"minecraft:dropped":{"minecraft:iron_sword":1,"minecraft:oak_log":4,"minecraft:stone_sword":1,"minecraft:mutton":2,"minecraft:tripwire_hook":2},"minecraft:killed":{"minecraft:pig":20,"minecraft:sheep":14,"minecraft:zombie":4,"minecraft:chicken":30,"minecraft:cow":1},"minecraft:used":{"minecraft:cooked_mutton":1,"minecraft:stone_sword":43,"minecraft:stone_pickaxe":38,"minecraft:wooden_pickaxe":13,"minecraft:iron_sword":49,"minecraft:cooked_chicken":2,"minecraft:mutton":6,"minecraft:crafting_table":4,"minecraft:wooden_axe":1,"minecraft:chicken":3,"minecraft:iron_pickaxe":2,"minecraft:iron_helmet":1,"minecraft:stone_axe":72,"minecraft:wooden_sword":65,"minecraft:cobblestone":12,"minecraft:porkchop":5,"minecraft:cooked_porkchop":8,"minecraft:yellow_bed":1,"minecraft:egg":3}},"DataVersion":3953}