{"stats":{"minecraft:dropped":{"minecraft:stone_sword":1,"minecraft:mutton":2},"minecraft:custom":{"minecraft:interact_with_furnace":1,"minecraft:time_since_rest":5283,"minecraft:sprint_one_cm":95981,"minecraft:damage_taken":525,"minecraft:walk_one_cm":57674,"minecraft:mob_kills":47,"minecraft:drop":3,"minecraft:damage_dealt":3335,"minecraft:swim_one_cm":5771,"minecraft:interact_with_crafting_table":5,"minecraft:fly_one_cm":210020,"minecraft:crouch_one_cm":104,"minecraft:play_time":23892,"minecraft:deaths":1,"minecraft:sneak_time":47,"minecraft:walk_under_water_one_cm":907,"minecraft:jump":866,"minecraft:leave_game":1,"minecraft:walk_on_water_one_cm":778,"minecraft:time_since_death":6836,"minecraft:sleep_in_bed":1,"minecraft:total_world_time":23892,"minecraft:fall_one_cm":28293},"minecraft:crafted":{"minecraft:wooden_sword":1,"minecraft:oak_planks":44,"minecraft:crafting_table":1,"minecraft:stick":12,"minecraft:wooden_pickaxe":1,"minecraft:stone_pickaxe":1,"minecraft:wooden_axe":1,"minecraft:stone_sword":1,"minecraft:stone_axe":1},"minecraft:used":{"minecraft:cooked_mutton":1,"minecraft:wooden_axe":1,"minecraft:stone_sword":43,"minecraft:chicken":3,"minecraft:stone_pickaxe":38,"minecraft:wooden_pickaxe":13,"minecraft:stone_axe":37,"minecraft:wooden_sword":65,"minecraft:mutton":6,"minecraft:crafting_table":4,"minecraft:porkchop":5},"minecraft:killed":{"minecraft:sheep":6,"minecraft:pig":20,"minecraft:chicken":21},"minecraft:picked_up":{"minecraft:stick":2,"minecraft:crafting_table":4,"minecraft:feather":50,"minecraft:chicken":33,"minecraft:andesite":32,"minecraft:wooden_pickaxe":1,"minecraft:porkchop":69,"minecraft:oak_log":23,"minecraft:yellow_bed":1,"minecraft:dirt":23,"minecraft:wooden_sword":1,"minecraft:cooked_mutton":2,"minecraft:stone_sword":1,"minecraft:arrow":2,"minecraft:stone_axe":1,"minecraft:wheat_seeds":1,"minecraft:beef":6,"minecraft:stone_pickaxe":1,"minecraft:gray_wool":1,"minecraft:oak_sapling":2,"minecraft:black_wool":2,"minecraft:mutton":12,"minecraft:oak_planks":7,"minecraft:white_wool":11,"minecraft:cobblestone":54,"minecraft:egg":3},"minecraft:mined":{"minecraft:acacia_leaves":1,"minecraft:andesite":16,"minecraft:yellow_bed":1,"minecraft:crafting_table":4,"minecraft:short_grass":30,"minecraft:grass_block":2,"minecraft:oak_log":23,"minecraft:dirt":2,"minecraft:tall_grass":11,"minecraft:stone":31,"minecraft:oak_leaves":3},"minecraft:killed_by":{"minecraft:creeper":1}},"DataVersion":3953}